{
    "$schema": "https://schema.management.azure.com/schemas/2015-01-01/deploymentParameters.json#",
    "contentVersion": "1.0.0.0",
    "parameters": {
        "vulnerabilityAssessments_Default_storageContainerPath": {
            "value": null
        },
        "workspaces_asafinalproject_name": {
            "value": null
        },
        "storageAccounts_adlsfinalproject_name": {
            "value": null
        },
        "databaseAccounts_cosmodbfinalproject_name": {
            "value": null
        },
        "storageAccounts_asafinalprojectadls_externalid": {
            "value": null
        }
    }
}